#,Venue,City,Country,Why It Fits The Dialtones,Venue Booking Agent Name,Booking Agent Email / Booking Route,Link of Venue,Social Media Links for Venue,Typical Venue Pay,Size Tier
1,The Lexington,London,United Kingdom,AAA/indie/folk-rock pub room with touring credibility,Public buyer not found in quick pass,Use official booking/contact route on venue site,Venue link,Instagram search / Facebook search,€150-€600 / £150-£500 guarantee or door split,small
2,Cafe OTO,London,United Kingdom,"experimental, improvised, intermedia-friendly room",Public buyer not found in quick pass,Use official booking/contact route on venue site,Venue link,twitter.com / facebook.com / instagram.com,€150-€600 / £150-£500 guarantee or door split,small
3,St Pancras Old Church,London,United Kingdom,intimate seated/acoustic-friendly church venue,Public buyer not found in quick pass,"fr.owen@posp.co.uk, brendan.collins@posp.co.uk, stpancrasoldchurch@outlook.com",Venue link,facebook.com / facebook.com / facebook.com,€150-€600 / £150-£500 guarantee or door split,small
4,The Bedford,London,United Kingdom,writerly singer-songwriter and band showcases,Public buyer not found in quick pass,Use official booking/contact route on venue site,Venue link,facebook.com / twitter.com / instagram.com / twitter.com,€150-€600 / £150-£500 guarantee or door split,small
5,Banquet Records,Kingston upon Thames,United Kingdom,in-store/acoustic promo option around releases,Public buyer not found in quick pass,shop@banquetrecords.com,Venue link,Instagram search / Facebook search,€150-€600 / £150-£500 guarantee or door split,small
6,The Ivy House,London,United Kingdom,community-owned independent venue,Public buyer not found in quick pass,user@domain.com,Venue link,facebook.com / instagram.com / facebook.com / x.com,€150-€600 / £150-£500 guarantee or door split,small
7,The Windmill Brixton,London,United Kingdom,grassroots indie and alternative discovery room,Public buyer not found in quick pass,Use official booking/contact route on venue site,Venue link,facebook.com / twitter.com / instagram.com,€150-€600 / £150-£500 guarantee or door split,small
8,The Shacklewell Arms,London,United Kingdom,indie/alternative touring room,Public buyer not found in quick pass,user@domain.com,Venue link,facebook.com / facebook.com / instagram.com / facebook.com,€150-€600 / £150-£500 guarantee or door split,small
9,The Waiting Room,London,United Kingdom,small-cap alternative and indie room,Public buyer not found in quick pass,Use official booking/contact route on venue site,Venue link,Instagram search / Facebook search,€150-€600 / £150-£500 guarantee or door split,small
10,Oslo Hackney,London,United Kingdom,indie touring and club venue,Public buyer not found in quick pass,Use official booking/contact route on venue site,Venue link,twitter.com / facebook.com / instagram.com / twitter.com,"€500-€2,000 / £500-£1,800 guarantee vs split",mid
11,Moth Club,London,United Kingdom,characterful indie/alternative room,Public buyer not found in quick pass,Use official booking/contact route on venue site,Venue link,facebook.com,"€500-€2,000 / £500-£1,800 guarantee vs split",mid
12,EartH Hackney,London,United Kingdom,arts-forward concert hall for developed shows,Public buyer not found in quick pass,Use official booking/contact route on venue site,Venue link,instagram.com / instagram.com / twitter.com / facebook.com,"€500-€2,000 / £500-£1,800 guarantee vs split",mid
13,Village Underground,London,United Kingdom,larger alternative/indie London date,Public buyer not found in quick pass,Use official booking/contact route on venue site,Venue link,instagram.com / twitter.com / facebook.com,"€500-€2,000 / £500-£1,800 guarantee vs split",mid
14,Omeara,London,United Kingdom,polished small/mid touring room,Public buyer not found in quick pass,clubs@raeslondon.co.uk,Venue link,facebook.com,"€500-€2,000 / £500-£1,800 guarantee vs split",mid
15,The Garage,London,United Kingdom,established alternative touring venue,Public buyer not found in quick pass,info@thegarage.london,Venue link,twitter.com / facebook.com / facebook.com / instagram.com,"€500-€2,000 / £500-£1,800 guarantee vs split",mid
16,229 London,London,United Kingdom,central London club venue,Public buyer not found in quick pass,"//info@229.london, info@229.london",Venue link,instagram.com / facebook.com / instagram.com,"€500-€2,000 / £500-£1,800 guarantee vs split",mid
17,100 Club,London,United Kingdom,historic live music room,Public buyer not found in quick pass,ruby@the100club.co.uk,Venue link,facebook.com / twitter.com / instagram.com,"€500-€2,000 / £500-£1,800 guarantee vs split",mid
18,Bush Hall,London,United Kingdom,seated/standing ornate hall for songwriter bands,Public buyer not found in quick pass,notes@bushhallmusic.co.uk,Venue link,facebook.com / instagram.com / twitter.com,"€500-€2,000 / £500-£1,800 guarantee vs split",mid
19,Union Chapel,London,United Kingdom,prestige seated London play if audience exists,Public buyer not found in quick pass,Use official booking/contact route on venue site,Venue link,facebook.com / instagram.com,"€1,500-€5,000+ if proven draw/support package",large
20,The Grace,London,United Kingdom,grassroots London room,Public buyer not found in quick pass,"grace_ONLINE@eland.co.kr, Hong_Gildong@eland.co.kr",Venue link,facebook.com / instagram.com,€150-€600 / £150-£500 guarantee or door split,small
21,Hot Box Live,Chelmsford,United Kingdom,independent Essex tour stop,Public buyer not found in quick pass,"hotbox@hotboxlive.co.uk, 13e49d785d8d4f828038b6136f3b48ba@sentry.io",Venue link,facebook.com,€150-€600 / £150-£500 guarantee or door split,small
22,Chinnerys,Southend-on-Sea,United Kingdom,long-running Southend indie room,Public buyer not found in quick pass,Use official booking/contact route on venue site,Venue link,facebook.com / twitter.com / instagram.com,€150-€600 / £150-£500 guarantee or door split,small
23,The Fiery Bird,Woking,United Kingdom,grassroots community venue,Public buyer not found in quick pass,Use official booking/contact route on venue site,Venue link,facebook.com / instagram.com / twitter.com,€150-€600 / £150-£500 guarantee or door split,small
24,The Prince Albert,Brighton,United Kingdom,Brighton indie/alternative pub venue,Will Moore (publicly cited contact; verify current role),Use official site or princealbertbrighton.co.uk contact,Venue link,facebook.com / instagram.com / facebook.com,€150-€600 / £150-£500 guarantee or door split,small
25,The Hope & Ruin,Brighton,United Kingdom,Brighton grassroots indie room,Public buyer not found in quick pass,hello@hope.pub,Venue link,facebook.com / facebook.com / twitter.com / instagram.com,€150-€600 / £150-£500 guarantee or door split,small
26,Green Door Store,Brighton,United Kingdom,indie/DIY Brighton venue,Public buyer not found in quick pass,"//info@thegreendoorstore.co.uk, info@thegreendoorstore.co.uk",Venue link,facebook.com / twitter.com / instagram.com,€150-€600 / £150-£500 guarantee or door split,small
27,Concorde 2,Brighton,United Kingdom,larger Brighton alternative room,Public buyer not found in quick pass,Use official booking/contact route on venue site,Venue link,facebook.com / instagram.com / x.com,"€500-€2,000 / £500-£1,800 guarantee vs split",mid
28,The Joiners,Southampton,United Kingdom,classic UK grassroots touring stop,Public buyer not found in quick pass,Use official booking/contact route on venue site,Venue link,Instagram search / Facebook search,€150-€600 / £150-£500 guarantee or door split,small
29,The Wedgewood Rooms,Portsmouth,United Kingdom,South Coast indie/alternative venue,Public buyer not found in quick pass,Use official booking/contact route on venue site,Venue link,instagram.com / twitter.com / facebook.com,"€500-€2,000 / £500-£1,800 guarantee vs split",mid
30,The Louisiana,Bristol,United Kingdom,classic Bristol discovery room,Public buyer not found in quick pass,thelouisiana@gmail.com,Venue link,facebook.com / twitter.com / instagram.com,€150-€600 / £150-£500 guarantee or door split,small
31,The Fleece,Bristol,United Kingdom,Bristol indie/rock touring room,Public buyer not found in quick pass,Use official booking/contact route on venue site,Venue link,facebook.com / twitter.com / instagram.com,"€500-€2,000 / £500-£1,800 guarantee vs split",mid
32,Exchange Bristol,Bristol,United Kingdom,independent venue and community space,Public buyer not found in quick pass,info@exchangebristol.com,Venue link,facebook.com / instagram.com / twitter.com,€150-€600 / £150-£500 guarantee or door split,small
33,The Crofters Rights,Bristol,United Kingdom,Bristol alternative room,Public buyer not found in quick pass,Use official booking/contact route on venue site,Venue link,Instagram search / Facebook search,€150-€600 / £150-£500 guarantee or door split,small
34,Clwb Ifor Bach,Cardiff,United Kingdom,Welsh indie institution,Public buyer not found in quick pass,Use official booking/contact route on venue site,Venue link,Instagram search / Facebook search,"€500-€2,000 / £500-£1,800 guarantee vs split",mid
35,Le Pub,Newport,United Kingdom,community-oriented independent venue,Public buyer not found in quick pass,Use official booking/contact route on venue site,Venue link,Instagram search / Facebook search,€150-€600 / £150-£500 guarantee or door split,small
36,The Globe Cardiff,Cardiff,United Kingdom,Cardiff touring room,Public buyer not found in quick pass,Use official booking/contact route on venue site,Venue link,Instagram search / Facebook search,"€500-€2,000 / £500-£1,800 guarantee vs split",mid
37,Brudenell Social Club,Leeds,United Kingdom,major independent UK indie venue,Public buyer not found in quick pass,Use official booking/contact route on venue site,Venue link,facebook.com / facebook.com / twitter.com / instagram.com,"€500-€2,000 / £500-£1,800 guarantee vs split",mid
38,The Wardrobe,Leeds,United Kingdom,Leeds music room for roots/indie,Public buyer not found in quick pass,bar@thewardrobe.co.uk,Venue link,instagram.com / instagram.com / twitter.com / facebook.com,"€500-€2,000 / £500-£1,800 guarantee vs split",mid
39,Hyde Park Book Club,Leeds,United Kingdom,intimate arts/music space,Public buyer not found in quick pass,contact@hydeparkbookclub.co.uk,Venue link,facebook.com / facebook.com / instagram.com,€150-€600 / £150-£500 guarantee or door split,small
40,The Trades Club,Hebden Bridge,United Kingdom,artist-friendly independent venue,Public buyer not found in quick pass,Use official booking/contact route on venue site,Venue link,facebook.com / twitter.com / facebook.com / instagram.com,"€500-€2,000 / £500-£1,800 guarantee vs split",mid
41,The Crescent,York,United Kingdom,independent York venue,Public buyer not found in quick pass,Use official booking/contact route on venue site,Venue link,facebook.com / facebook.com / twitter.com / instagram.com,"€500-€2,000 / £500-£1,800 guarantee vs split",mid
42,The Adelphi,Hull,United Kingdom,historic grassroots venue,Public buyer not found in quick pass,Use official booking/contact route on venue site,Venue link,facebook.com / twitter.com / instagram.com,€150-€600 / £150-£500 guarantee or door split,small
43,The Bodega,Nottingham,United Kingdom,breakthrough indie room,Public buyer not found in quick pass,Use official booking/contact route on venue site,Venue link,twitter.com / facebook.com / instagram.com / twitter.com,€150-€600 / £150-£500 guarantee or door split,small
44,Rescue Rooms,Nottingham,United Kingdom,Nottingham alternative touring room,Public buyer not found in quick pass,Use official booking/contact route on venue site,Venue link,twitter.com / instagram.com / instagram.com / instagram.com,"€500-€2,000 / £500-£1,800 guarantee vs split",mid
45,The Cookie,Leicester,United Kingdom,Leicester small-cap indie room,Public buyer not found in quick pass,Use official booking/contact route on venue site,Venue link,Instagram search / Facebook search,€150-€600 / £150-£500 guarantee or door split,small
46,The International,Leicester,United Kingdom,independent Leicester room,Public buyer not found in quick pass,"neil@iaccentre.com, darrennockles@gmail.com, paul@the-international.co.uk",Venue link,facebook.com / facebook.com / instagram.com,€150-€600 / £150-£500 guarantee or door split,small
47,Hare & Hounds,Birmingham,United Kingdom,Birmingham indie/alternative venue,Public buyer not found in quick pass,Use official booking/contact route on venue site,Venue link,twitter.com / facebook.com / instagram.com / facebook.com,"€500-€2,000 / £500-£1,800 guarantee vs split",mid
48,The Sunflower Lounge,Birmingham,United Kingdom,grassroots Birmingham room,Public buyer not found in quick pass,Use official booking/contact route on venue site,Venue link,Instagram search / Facebook search,€150-€600 / £150-£500 guarantee or door split,small
49,Muthers Studio,Birmingham,United Kingdom,independent live room/rehearsal hub,Public buyer not found in quick pass,Use official booking/contact route on venue site,Venue link,Instagram search / Facebook search,€150-€600 / £150-£500 guarantee or door split,small
50,Gorilla,Manchester,United Kingdom,Manchester touring indie room,Public buyer not found in quick pass,hello@thisisgorilla.com,Venue link,facebook.com / facebook.com / instagram.com,"€500-€2,000 / £500-£1,800 guarantee vs split",mid
51,YES,Manchester,United Kingdom,multi-room Manchester indie venue,Public buyer not found in quick pass,"info@yes-manchester.com, INFO@YES-MANCHESTER.COM",Venue link,facebook.com / facebook.com / instagram.com / twitter.com,"€500-€2,000 / £500-£1,800 guarantee vs split",mid
52,Night & Day Cafe,Manchester,United Kingdom,historic Manchester discovery venue,Public buyer not found in quick pass,contact@nightnday.org,Venue link,facebook.com / twitter.com / instagram.com / instagram.com,€150-€600 / £150-£500 guarantee or door split,small
53,The Deaf Institute,Manchester,United Kingdom,ornate indie touring room,Public buyer not found in quick pass,hello@throwbackevents.co.uk,Venue link,facebook.com / facebook.com / twitter.com / instagram.com,"€500-€2,000 / £500-£1,800 guarantee vs split",mid
54,Band on the Wall,Manchester,United Kingdom,strong roots/global/indie programming,Public buyer not found in quick pass,Use official booking/contact route on venue site,Venue link,facebook.com / twitter.com / instagram.com,"€500-€2,000 / £500-£1,800 guarantee vs split",mid
55,The Peer Hat,Manchester,United Kingdom,DIY/experimental-leaning room,Public buyer not found in quick pass,Use official booking/contact route on venue site,Venue link,Instagram search / Facebook search,€150-€600 / £150-£500 guarantee or door split,small
56,The Washington,Sheffield,United Kingdom,grassroots Sheffield pub venue,Public buyer not found in quick pass,"info@thewashington.pub, bookings@thewashington.pub",Venue link,facebook.com / instagram.com,€150-€600 / £150-£500 guarantee or door split,small
57,Sidney & Matilda,Sheffield,United Kingdom,arts-led independent venue,Public buyer not found in quick pass,info@sidneyandmatilda.com,Venue link,facebook.com / facebook.com / instagram.com,€150-€600 / £150-£500 guarantee or door split,small
58,Yellow Arch Studios,Sheffield,United Kingdom,studio/live space for indie shows,Public buyer not found in quick pass,mail@yellowarch.com,Venue link,facebook.com / facebook.com / twitter.com / instagram.com,€150-€600 / £150-£500 guarantee or door split,small
59,The Leadmill,Sheffield,United Kingdom,historic Sheffield venue,Public buyer not found in quick pass,Use official booking/contact route on venue site,Venue link,facebook.com / x.com / instagram.com / facebook.com,"€500-€2,000 / £500-£1,800 guarantee vs split",mid
60,Little Buildings,Newcastle upon Tyne,United Kingdom,tiny regional grassroots room,Public buyer not found in quick pass,info@littlebuildingslive.com,Venue link,twitter.com / instagram.com / twitter.com,€150-€600 / £150-£500 guarantee or door split,small
61,The Cluny,Newcastle upon Tyne,United Kingdom,established Newcastle venue,Public buyer not found in quick pass,hello@thecluny.com,Venue link,facebook.com / instagram.com,"€500-€2,000 / £500-£1,800 guarantee vs split",mid
62,The Grove,Newcastle upon Tyne,United Kingdom,newer independent venue,Public buyer not found in quick pass,Use official booking/contact route on venue site,Venue link,Instagram search / Facebook search,€150-€600 / £150-£500 guarantee or door split,small
63,Pop Recs,Sunderland,United Kingdom,community/DIY music space,Public buyer not found in quick pass,Use official booking/contact route on venue site,Venue link,instagram.com / facebook.com / instagram.com / facebook.com,€150-€600 / £150-£500 guarantee or door split,small
64,Ku Stockton,Stockton-on-Tees,United Kingdom,small independent alternative venue,Public buyer not found in quick pass,Use official booking/contact route on venue site,Venue link,facebook.com / facebook.com / twitter.com / instagram.com,€150-€600 / £150-£500 guarantee or door split,small
65,Norwich Arts Centre,Norwich,United Kingdom,arts-forward touring venue,Public buyer not found in quick pass,8f009899699b4dd281f6d1466e6a2b92@o126219.ingest.sentry.io,Venue link,facebook.com / instagram.com,"€500-€2,000 / £500-£1,800 guarantee vs split",mid
66,The Holloway,Norwich,United Kingdom,grassroots Norwich room,Public buyer not found in quick pass,Use official booking/contact route on venue site,Venue link,Instagram search / Facebook search,€150-€600 / £150-£500 guarantee or door split,small
67,Cambridge Junction,Cambridge,United Kingdom,arts center with contemporary music,Public buyer not found in quick pass,Use official booking/contact route on venue site,Venue link,instagram.com / facebook.com,"€500-€2,000 / £500-£1,800 guarantee vs split",mid
68,The Portland Arms,Cambridge,United Kingdom,grassroots Cambridge venue,Public buyer not found in quick pass,Use official booking/contact route on venue site,Venue link,Instagram search / Facebook search,€150-€600 / £150-£500 guarantee or door split,small
69,The Horn,St Albans,United Kingdom,independent touring pub venue,Public buyer not found in quick pass,info@thehorn.co.uk,Venue link,facebook.com / facebook.com / instagram.com,€150-€600 / £150-£500 guarantee or door split,small
70,The Craufurd Arms,Milton Keynes,United Kingdom,rock/alternative touring room,Public buyer not found in quick pass,Use official booking/contact route on venue site,Venue link,facebook.com / twitter.com / facebook.com / twitter.com,"€500-€2,000 / £500-£1,800 guarantee vs split",mid
71,The Boileroom,Guildford,United Kingdom,grassroots venue with strong community role,Public buyer not found in quick pass,user@domain.com,Venue link,facebook.com / facebook.com / instagram.com / x.com,€150-€600 / £150-£500 guarantee or door split,small
72,Esquires,Bedford,United Kingdom,classic independent venue,Public buyer not found in quick pass,"rick@bedfordesquires.co.uk, Gareth@thepadpresents.com",Venue link,facebook.com / facebook.com / facebook.com / facebook.com,€150-€600 / £150-£500 guarantee or door split,small
73,The Horn at the Half Moon,Bishop's Stortford,United Kingdom,intimate regional tour stop,Public buyer not found in quick pass,Use official booking/contact route on venue site,Venue link,Instagram search / Facebook search,€150-€600 / £150-£500 guarantee or door split,small
74,The Bunkhouse,Swansea,United Kingdom,Welsh grassroots touring room,Public buyer not found in quick pass,Use official booking/contact route on venue site,Venue link,Instagram search / Facebook search,€150-€600 / £150-£500 guarantee or door split,small
75,King Tut's Wah Wah Hut,Glasgow,United Kingdom,legendary Scottish indie room,Public buyer not found in quick pass,Use official booking/contact route on venue site,Venue link,facebook.com / instagram.com / x.com,"€500-€2,000 / £500-£1,800 guarantee vs split",mid
76,The Hug and Pint,Glasgow,United Kingdom,compact eclectic indie venue,Public buyer not found in quick pass,Use official booking/contact route on venue site,Venue link,facebook.com / twitter.com / facebook.com / twitter.com,€150-€600 / £150-£500 guarantee or door split,small
77,The Glad Cafe,Glasgow,United Kingdom,intimate community venue,Public buyer not found in quick pass,Use official booking/contact route on venue site,Venue link,facebook.com / twitter.com / instagram.com / facebook.com,€150-€600 / £150-£500 guarantee or door split,small
78,Stereo,Glasgow,United Kingdom,alternative/DIY Glasgow venue,Public buyer not found in quick pass,hello@readymag.com,Venue link,Instagram search / Facebook search,€150-€600 / £150-£500 guarantee or door split,small
79,Mono,Glasgow,United Kingdom,independent vegan cafe/music space,Public buyer not found in quick pass,user@domain.com,Venue link,facebook.com / facebook.com / twitter.com / instagram.com,€150-€600 / £150-£500 guarantee or door split,small
80,Saint Luke's,Glasgow,United Kingdom,atmospheric church venue,Public buyer not found in quick pass,Use official booking/contact route on venue site,Venue link,Instagram search / Facebook search,"€500-€2,000 / £500-£1,800 guarantee vs split",mid
81,SWG3,Glasgow,United Kingdom,arts campus with adventurous booking,Public buyer not found in quick pass,Use official booking/contact route on venue site,Venue link,facebook.com / instagram.com / twitter.com,"€1,500-€5,000+ if proven draw/support package",large
82,Barrowland Ballroom,Glasgow,United Kingdom,prestige larger Scottish date,Public buyer not found in quick pass,Use official booking/contact route on venue site,Venue link,twitter.com / facebook.com / instagram.com / facebook.com,"€1,500-€5,000+ if proven draw/support package",large
83,Sneaky Pete's,Edinburgh,United Kingdom,small Edinburgh indie institution,Public buyer not found in quick pass,Use official booking/contact route on venue site,Venue link,facebook.com / instagram.com / facebook.com,€150-€600 / £150-£500 guarantee or door split,small
84,The Caves,Edinburgh,United Kingdom,atmospheric venue for artsy shows,Public buyer not found in quick pass,Use official booking/contact route on venue site,Venue link,Instagram search / Facebook search,"€500-€2,000 / £500-£1,800 guarantee vs split",mid
85,Summerhall,Edinburgh,United Kingdom,arts-forward Edinburgh complex,Public buyer not found in quick pass,Use official booking/contact route on venue site,Venue link,Instagram search / Facebook search,"€500-€2,000 / £500-£1,800 guarantee vs split",mid
86,The Lemon Tree,Aberdeen,United Kingdom,Scottish regional arts venue,Public buyer not found in quick pass,Use official booking/contact route on venue site,Venue link,Instagram search / Facebook search,"€500-€2,000 / £500-£1,800 guarantee vs split",mid
87,Voodoo Belfast,Belfast,United Kingdom,grassroots Belfast venue,Public buyer not found in quick pass,Use official booking/contact route on venue site,Venue link,Instagram search / Facebook search,€150-€600 / £150-£500 guarantee or door split,small
88,The Black Box,Belfast,United Kingdom,arts-led Belfast venue,Public buyer not found in quick pass,Use official booking/contact route on venue site,Venue link,facebook.com / twitter.com / instagram.com,€150-€600 / £150-£500 guarantee or door split,small
89,Whelan's,Dublin,Ireland,legendary Irish indie venue,Public buyer not found in quick pass,Use official booking/contact route on venue site,Venue link,facebook.com / instagram.com / twitter.com,"€500-€2,000 / £500-£1,800 guarantee vs split",mid
90,The Workman's Club,Dublin,Ireland,Dublin indie/alternative room,Public buyer not found in quick pass,privacy@pressup.ie,Venue link,facebook.com / instagram.com / instagram.com / facebook.com,"€500-€2,000 / £500-£1,800 guarantee vs split",mid
91,The Grand Social,Dublin,Ireland,multi-room Dublin venue,Public buyer not found in quick pass,Use official booking/contact route on venue site,Venue link,Instagram search / Facebook search,"€500-€2,000 / £500-£1,800 guarantee vs split",mid
92,The Sugar Club,Dublin,Ireland,seated/cabaret-style venue,Public buyer not found in quick pass,info@thesugarclub.com,Venue link,instagram.com,"€500-€2,000 / £500-£1,800 guarantee vs split",mid
93,Roisin Dubh,Galway,Ireland,respected Galway live room,Public buyer not found in quick pass,Use official booking/contact route on venue site,Venue link,facebook.com / instagram.com / twitter.com,"€500-€2,000 / £500-£1,800 guarantee vs split",mid
94,Cyprus Avenue,Cork,Ireland,Cork touring room,Public buyer not found in quick pass,Use official booking/contact route on venue site,Venue link,facebook.com / instagram.com / twitter.com,"€500-€2,000 / £500-£1,800 guarantee vs split",mid
95,WUK,Vienna,Austria,arts center with alternative music,Public buyer not found in quick pass,Use official booking/contact route on venue site,Venue link,Instagram search / Facebook search,"€600-€2,500 guarantee vs split",mid
96,Flex,Vienna,Austria,Vienna alternative club/venue,Public buyer not found in quick pass,Use official booking/contact route on venue site,Venue link,instagram.com,"€600-€2,500 guarantee vs split",mid
97,Chelsea,Vienna,Austria,indie and alternative room,Public buyer not found in quick pass,chelsea@sil.at,Venue link,facebook.com,€150-€700 guarantee or door split,small
98,Rhiz,Vienna,Austria,experimental and electronic-leaning venue,Public buyer not found in quick pass,Use official booking/contact route on venue site,Venue link,facebook.com / instagram.com,€150-€700 guarantee or door split,small
99,B72,Vienna,Austria,alternative small-cap Vienna room,Public buyer not found in quick pass,Use official booking/contact route on venue site,Venue link,Instagram search / Facebook search,€150-€700 guarantee or door split,small
100,Arena Wien,Vienna,Austria,major alternative complex,Public buyer not found in quick pass,Use official booking/contact route on venue site,Venue link,facebook.com,"€2,000-€6,000+ if proven draw/support package",large
101,Posthof,Linz,Austria,Liveurope arts venue with broad booking,Public buyer not found in quick pass,Use official booking/contact route on venue site,Venue link,facebook.com / instagram.com,"€2,000-€6,000+ if proven draw/support package",large
102,Porgy & Bess,Vienna,Austria,jazz/experimental venue,Public buyer not found in quick pass,Use official booking/contact route on venue site,Venue link,facebook.com / twitter.com,"€600-€2,500 guarantee vs split",mid
103,Rockhouse Salzburg,Salzburg,Austria,regional rock/indie venue,Public buyer not found in quick pass,service@rockhouse.at,Venue link,facebook.com / instagram.com,"€600-€2,500 guarantee vs split",mid
104,PPC,Graz,Austria,Graz alternative club,Public buyer not found in quick pass,ppc@ppc.st,Venue link,facebook.com / instagram.com,"€600-€2,500 guarantee vs split",mid
105,Ancienne Belgique,Brussels,Belgium,Liveurope venue and major Brussels room,Public buyer not found in quick pass,ab@loves.you,Venue link,instagram.com / facebook.com,"€2,000-€6,000+ if proven draw/support package",large
106,Botanique,Brussels,Belgium,multi-room indie/alternative venue,Public buyer not found in quick pass,Use official booking/contact route on venue site,Venue link,Instagram search / Facebook search,"€600-€2,500 guarantee vs split",mid
107,Beursschouwburg,Brussels,Belgium,arts-forward venue,Public buyer not found in quick pass,Use official booking/contact route on venue site,Venue link,instagram.com,"€600-€2,500 guarantee vs split",mid
108,Le Botanique Rotonde,Brussels,Belgium,smaller Botanique room for developing acts,Public buyer not found in quick pass,Use official booking/contact route on venue site,Venue link,Instagram search / Facebook search,€150-€700 guarantee or door split,small
109,Atelier 210,Brussels,Belgium,alternative Brussels room,Public buyer not found in quick pass,info@atelier210.be,Venue link,facebook.com / facebook.com / instagram.com,€150-€700 guarantee or door split,small
110,VK Vaartkapoen,Brussels,Belgium,community/global/alternative venue,Public buyer not found in quick pass,devaartkapoen@vgc.be,Venue link,facebook.com / instagram.com,€150-€700 guarantee or door split,small
111,Trix,Antwerp,Belgium,Antwerp indie/alternative rooms,Public buyer not found in quick pass,Use official booking/contact route on venue site,Venue link,facebook.com / facebook.com / twitter.com / instagram.com,"€600-€2,500 guarantee vs split",mid
112,De Roma,Antwerp,Belgium,heritage concert venue,Public buyer not found in quick pass,Use official booking/contact route on venue site,Venue link,facebook.com / instagram.com,"€2,000-€6,000+ if proven draw/support package",large
113,Muziekclub 4AD,Diksmuide,Belgium,independent Belgian venue,Public buyer not found in quick pass,Use official booking/contact route on venue site,Venue link,Instagram search / Facebook search,€150-€700 guarantee or door split,small
114,Cactus Club,Bruges,Belgium,Belgian venue/festival org,Public buyer not found in quick pass,"info@cactusmusic.be, tickets@cactusmusic.be",Venue link,facebook.com / instagram.com / facebook.com,"€600-€2,500 guarantee vs split",mid
115,De Kreun,Kortrijk,Belgium,Wilde Westen music venue,Public buyer not found in quick pass,Use official booking/contact route on venue site,Venue link,facebook.com / instagram.com,"€600-€2,500 guarantee vs split",mid
116,Het Depot,Leuven,Belgium,Leuven touring venue,Public buyer not found in quick pass,Use official booking/contact route on venue site,Venue link,facebook.com / instagram.com / twitter.com,"€600-€2,500 guarantee vs split",mid
117,Vooruit,Ghent,Belgium,arts center with contemporary music,Public buyer not found in quick pass,info@viernulvier.gent,Venue link,facebook.com / instagram.com,"€2,000-€6,000+ if proven draw/support package",large
118,Charlatan,Ghent,Belgium,grassroots club venue,Public buyer not found in quick pass,Use official booking/contact route on venue site,Venue link,facebook.com / instagram.com / x.com,€150-€700 guarantee or door split,small
119,A38 Ship,Budapest,Hungary,distinctive Liveurope ship venue,Public buyer not found in quick pass,info@a38.hu,Venue link,facebook.com / facebook.com / instagram.com,"€400-€1,800 guarantee vs split",mid
120,Durer Kert,Budapest,Hungary,alternative Budapest venue,Public buyer not found in quick pass,Use official booking/contact route on venue site,Venue link,facebook.com / instagram.com,"€400-€1,800 guarantee vs split",mid
121,Szimpla Kert,Budapest,Hungary,alternative ruin-bar music space,Public buyer not found in quick pass,Use official booking/contact route on venue site,Venue link,facebook.com,€100-€500 guarantee or door split,small
122,Akvarium Klub,Budapest,Hungary,central Budapest club venue,Public buyer not found in quick pass,Use official booking/contact route on venue site,Venue link,facebook.com / instagram.com / facebook.com,"€1,200-€4,000+ if proven draw/support package",large
123,Turbina,Budapest,Hungary,newer alternative venue,Public buyer not found in quick pass,Use official booking/contact route on venue site,Venue link,Instagram search / Facebook search,"€400-€1,800 guarantee vs split",mid
124,Palac Akropolis,Prague,Czech Republic,Liveurope Prague venue,Public buyer not found in quick pass,Use official booking/contact route on venue site,Venue link,facebook.com / instagram.com / facebook.com / twitter.com,"€400-€1,800 guarantee vs split",mid
125,MeetFactory,Prague,Czech Republic,multidisciplinary arts/music space,Public buyer not found in quick pass,Use official booking/contact route on venue site,Venue link,facebook.com / facebook.com / facebook.com / instagram.com,"€400-€1,800 guarantee vs split",mid
126,Futurum Music Bar,Prague,Czech Republic,Prague club venue,Public buyer not found in quick pass,Use official booking/contact route on venue site,Venue link,facebook.com / instagram.com,"€400-€1,800 guarantee vs split",mid
127,Lucerna Music Bar,Prague,Czech Republic,established Prague room,Public buyer not found in quick pass,Use official booking/contact route on venue site,Venue link,facebook.com / instagram.com / twitter.com,"€400-€1,800 guarantee vs split",mid
128,Cross Club,Prague,Czech Republic,alternative club/arts space,Public buyer not found in quick pass,Use official booking/contact route on venue site,Venue link,Instagram search / Facebook search,€100-€500 guarantee or door split,small
129,Rock Cafe Prague,Prague,Czech Republic,central rock/alternative room,Public buyer not found in quick pass,Use official booking/contact route on venue site,Venue link,instagram.com / facebook.com,"€400-€1,800 guarantee vs split",mid
130,Fléda,Brno,Czech Republic,Brno alternative touring room,Public buyer not found in quick pass,Use official booking/contact route on venue site,Venue link,facebook.com / instagram.com / facebook.com,"€400-€1,800 guarantee vs split",mid
131,Kabinet Múz,Brno,Czech Republic,independent Brno venue,Public buyer not found in quick pass,info@kabinetmuz.cz,Venue link,facebook.com / facebook.com / instagram.com,€100-€500 guarantee or door split,small
132,Roxy Prague,Prague,Czech Republic,larger alternative venue,Public buyer not found in quick pass,Use official booking/contact route on venue site,Venue link,facebook.com / instagram.com / facebook.com / twitter.com,"€1,200-€4,000+ if proven draw/support package",large
133,Loppen,Copenhagen,Denmark,Christiania-rooted independent venue,Public buyer not found in quick pass,Use official booking/contact route on venue site,Venue link,twitter.com / facebook.com / instagram.com,€150-€600 / £150-£500 guarantee or door split,small
134,Vega,Copenhagen,Denmark,Liveurope member and major Danish venue,Public buyer not found in quick pass,info@vega.dk,Venue link,facebook.com / instagram.com / instagram.com / facebook.com,"€1,500-€5,000+ if proven draw/support package",large
135,Rust,Copenhagen,Denmark,indie/club Copenhagen venue,Public buyer not found in quick pass,Use official booking/contact route on venue site,Venue link,instagram.com / facebook.com / instagram.com / instagram.com,€150-€600 / £150-£500 guarantee or door split,small
136,Pumpehuset,Copenhagen,Denmark,multi-room Copenhagen venue,Public buyer not found in quick pass,Use official booking/contact route on venue site,Venue link,instagram.com / facebook.com,"€500-€2,000 / £500-£1,800 guarantee vs split",mid
137,Hotel Cecil,Copenhagen,Denmark,central Copenhagen touring room,Public buyer not found in quick pass,info@hotelcecil.dk,Venue link,instagram.com / facebook.com,"€500-€2,000 / £500-£1,800 guarantee vs split",mid
138,Stengade,Copenhagen,Denmark,independent small venue,Public buyer not found in quick pass,info@stengade.dk,Venue link,facebook.com / facebook.com / instagram.com / facebook.com,€150-€600 / £150-£500 guarantee or door split,small
139,Radar,Aarhus,Denmark,Aarhus independent venue,Public buyer not found in quick pass,Use official booking/contact route on venue site,Venue link,facebook.com / facebook.com / instagram.com,€150-€600 / £150-£500 guarantee or door split,small
140,Train,Aarhus,Denmark,regional Danish touring room,Public buyer not found in quick pass,train@train.dk,Venue link,facebook.com / facebook.com / instagram.com / x.com,"€500-€2,000 / £500-£1,800 guarantee vs split",mid
141,1000Fryd,Aalborg,Denmark,DIY/community venue,Public buyer not found in quick pass,Use official booking/contact route on venue site,Venue link,Instagram search / Facebook search,€150-€600 / £150-£500 guarantee or door split,small
142,Tapperiet,Køge,Denmark,regional youth/culture venue,Public buyer not found in quick pass,Use official booking/contact route on venue site,Venue link,Instagram search / Facebook search,€150-€600 / £150-£500 guarantee or door split,small
143,Rock Cafe,Tallinn,Estonia,Tallinn touring room,Public buyer not found in quick pass,Use official booking/contact route on venue site,Venue link,Instagram search / Facebook search,"€400-€1,800 guarantee vs split",mid
144,Sveta Baar,Tallinn,Estonia,alternative Tallinn venue,Public buyer not found in quick pass,Use official booking/contact route on venue site,Venue link,Instagram search / Facebook search,€100-€500 guarantee or door split,small
145,Paavli Kultuurivabrik,Tallinn,Estonia,industrial culture venue,Public buyer not found in quick pass,Use official booking/contact route on venue site,Venue link,Instagram search / Facebook search,"€400-€1,800 guarantee vs split",mid
146,Kultuurikatel,Tallinn,Estonia,Liveurope Tallinn venue/culture hub,Public buyer not found in quick pass,Use official booking/contact route on venue site,Venue link,facebook.com / instagram.com,"€1,200-€4,000+ if proven draw/support package",large
147,Tavastia,Helsinki,Finland,legendary Helsinki rock venue,Public buyer not found in quick pass,Use official booking/contact route on venue site,Venue link,facebook.com / instagram.com,"€500-€2,000 / £500-£1,800 guarantee vs split",mid
148,Kuudes Linja,Helsinki,Finland,alternative Helsinki club,Public buyer not found in quick pass,"safety@kuudeslinja.com, amanda@kuudeslinja.com, mikko@kuudeslinja.com",Venue link,facebook.com / facebook.com / instagram.com / instagram.com,€150-€600 / £150-£500 guarantee or door split,small
149,G Livelab,Helsinki,Finland,high-quality listening room,Public buyer not found in quick pass,Use official booking/contact route on venue site,Venue link,facebook.com / facebook.com / instagram.com / twitter.com,€150-€600 / £150-£500 guarantee or door split,small
150,Korjaamo,Helsinki,Finland,culture factory/music venue,Public buyer not found in quick pass,info@korjaamo.fi,Venue link,facebook.com / facebook.com / facebook.com / instagram.com,"€500-€2,000 / £500-£1,800 guarantee vs split",mid
151,On the Rocks,Helsinki,Finland,rock club in Helsinki,Public buyer not found in quick pass,club@rocks.fi,Venue link,facebook.com / facebook.com / instagram.com / facebook.com,€150-€600 / £150-£500 guarantee or door split,small
152,Olympia-kortteli,Tampere,Finland,Tampere indie room,Public buyer not found in quick pass,Use official booking/contact route on venue site,Venue link,facebook.com / instagram.com / facebook.com / facebook.com,€150-€600 / £150-£500 guarantee or door split,small
153,Tullikamari,Tampere,Finland,regional arts/music complex,Public buyer not found in quick pass,Use official booking/contact route on venue site,Venue link,instagram.com / instagram.com / instagram.com / instagram.com,"€500-€2,000 / £500-£1,800 guarantee vs split",mid
154,La Laiterie,Strasbourg,France,important eastern France touring venue,Public buyer not found in quick pass,Use official booking/contact route on venue site,Venue link,Instagram search / Facebook search,"€600-€2,500 guarantee vs split",mid
155,Le Grand Mix,Tourcoing,France,Liveurope Lille/Tourcoing venue,Public buyer not found in quick pass,Use official booking/contact route on venue site,Venue link,facebook.com / instagram.com,"€600-€2,500 guarantee vs split",mid
156,Point Ephémère,Paris,France,canal-side alternative arts venue,Public buyer not found in quick pass,n@shadow.wizards,Venue link,instagram.com / facebook.com / facebook.com / instagram.com,€150-€700 guarantee or door split,small
157,La Maroquinerie,Paris,France,classic Paris indie venue,Public buyer not found in quick pass,Use official booking/contact route on venue site,Venue link,facebook.com / facebook.com / twitter.com / instagram.com,"€600-€2,500 guarantee vs split",mid
158,Le Hasard Ludique,Paris,France,arts-forward venue on former rail line,Public buyer not found in quick pass,Use official booking/contact route on venue site,Venue link,facebook.com / facebook.com / instagram.com / twitter.com,€150-€700 guarantee or door split,small
159,Petit Bain,Paris,France,floating venue with indie bookings,Public buyer not found in quick pass,Use official booking/contact route on venue site,Venue link,facebook.com / instagram.com / twitter.com / facebook.com,"€600-€2,500 guarantee vs split",mid
160,La Boule Noire,Paris,France,Pigalle club venue,Public buyer not found in quick pass,Use official booking/contact route on venue site,Venue link,facebook.com / twitter.com / instagram.com,"€600-€2,500 guarantee vs split",mid
161,Le Trabendo,Paris,France,Paris alternative venue,Public buyer not found in quick pass,Use official booking/contact route on venue site,Venue link,Instagram search / Facebook search,"€600-€2,500 guarantee vs split",mid
162,La Bellevilloise,Paris,France,multi-room arts/music venue,Public buyer not found in quick pass,Use official booking/contact route on venue site,Venue link,facebook.com / facebook.com / instagram.com / instagram.com,"€600-€2,500 guarantee vs split",mid
163,Supersonic,Paris,France,indie/rock club,Public buyer not found in quick pass,Use official booking/contact route on venue site,Venue link,facebook.com / facebook.com / twitter.com / instagram.com,€150-€700 guarantee or door split,small
164,Le Pop-Up du Label,Paris,France,indie/electronic small room,Public buyer not found in quick pass,Use official booking/contact route on venue site,Venue link,facebook.com,€150-€700 guarantee or door split,small
165,Sonic,Lyon,France,floating DIY/underground venue,Public buyer not found in quick pass,Use official booking/contact route on venue site,Venue link,facebook.com / instagram.com,€150-€700 guarantee or door split,small
166,Le Transbordeur,Lyon,France,larger Lyon concert venue,Public buyer not found in quick pass,Use official booking/contact route on venue site,Venue link,Instagram search / Facebook search,"€2,000-€6,000+ if proven draw/support package",large
167,Ninkasi Gerland,Lyon,France,Lyon music venue/beer hall,Public buyer not found in quick pass,Use official booking/contact route on venue site,Venue link,facebook.com / instagram.com / twitter.com,"€600-€2,500 guarantee vs split",mid
168,Le Sucre,Lyon,France,contemporary club/venue,Public buyer not found in quick pass,info@le-sucre.eu,Venue link,instagram.com / facebook.com,"€600-€2,500 guarantee vs split",mid
169,La Cooperative de Mai,Clermont-Ferrand,France,respected French venue,Public buyer not found in quick pass,Use official booking/contact route on venue site,Venue link,instagram.com / instagram.com,"€600-€2,500 guarantee vs split",mid
170,Le Bikini,Toulouse,France,major Toulouse alternative room,Public buyer not found in quick pass,"objettrouve@lebikini.com\, objettrouve@lebikini.com",Venue link,facebook.com / facebook.com / instagram.com / facebook.com,"€2,000-€6,000+ if proven draw/support package",large
171,Le Metronum,Toulouse,France,city contemporary music venue,Public buyer not found in quick pass,Use official booking/contact route on venue site,Venue link,Instagram search / Facebook search,"€600-€2,500 guarantee vs split",mid
172,L'Aeronef,Lille,France,Liveurope Lille venue,Public buyer not found in quick pass,Use official booking/contact route on venue site,Venue link,facebook.com / instagram.com,"€2,000-€6,000+ if proven draw/support package",large
173,Stereolux,Nantes,France,arts/music venue,Public buyer not found in quick pass,Use official booking/contact route on venue site,Venue link,Instagram search / Facebook search,"€600-€2,500 guarantee vs split",mid
174,Le Lieu Unique,Nantes,France,multidisciplinary arts venue,Public buyer not found in quick pass,info@lelieuunique.com,Venue link,instagram.com / facebook.com,"€600-€2,500 guarantee vs split",mid
175,Ubu,Rennes,France,Rennes independent room,Public buyer not found in quick pass,Use official booking/contact route on venue site,Venue link,facebook.com / twitter.com / instagram.com / twitter.com,€150-€700 guarantee or door split,small
176,Antipode,Rennes,France,Rennes contemporary music venue,Public buyer not found in quick pass,Use official booking/contact route on venue site,Venue link,facebook.com / twitter.com / instagram.com,"€600-€2,500 guarantee vs split",mid
177,Le Confort Moderne,Poitiers,France,arts-forward music venue,Public buyer not found in quick pass,contact@jazzapoitiers.org,Venue link,facebook.com / twitter.com / instagram.com,"€600-€2,500 guarantee vs split",mid
178,Rock School Barbey,Bordeaux,France,Bordeaux music venue,Public buyer not found in quick pass,abc@xyz.com,Venue link,facebook.com / instagram.com,"€600-€2,500 guarantee vs split",mid
179,I.Boat,Bordeaux,France,floating venue/club,Public buyer not found in quick pass,Use official booking/contact route on venue site,Venue link,Instagram search / Facebook search,€150-€700 guarantee or door split,small
180,La Sirene,La Rochelle,France,western France venue,Public buyer not found in quick pass,Use official booking/contact route on venue site,Venue link,facebook.com / instagram.com / facebook.com,"€600-€2,500 guarantee vs split",mid
181,Le Cargo,Caen,France,Normandy contemporary music venue,Public buyer not found in quick pass,Use official booking/contact route on venue site,Venue link,Instagram search / Facebook search,"€600-€2,500 guarantee vs split",mid
182,La Cartonnerie,Reims,France,regional French venue,Public buyer not found in quick pass,info@cartonnerie.fr,Venue link,instagram.com / facebook.com / facebook.com,"€600-€2,500 guarantee vs split",mid
183,L'Autre Canal,Nancy,France,Nancy music venue,Public buyer not found in quick pass,communication@lautrecanalnancy.fr,Venue link,facebook.com / twitter.com / instagram.com,"€600-€2,500 guarantee vs split",mid
184,La Rodia,Besançon,France,regional contemporary music venue,Public buyer not found in quick pass,Use official booking/contact route on venue site,Venue link,facebook.com / instagram.com,"€600-€2,500 guarantee vs split",mid
185,Les Docks,Lausanne,Switzerland,Liveurope Swiss venue,Public buyer not found in quick pass,Use official booking/contact route on venue site,Venue link,facebook.com / facebook.com / instagram.com / twitter.com,"€500-€2,000 / £500-£1,800 guarantee vs split",mid
186,Fri-Son,Fribourg,Switzerland,important Swiss alternative venue,Public buyer not found in quick pass,Use official booking/contact route on venue site,Venue link,facebook.com / instagram.com,"€500-€2,000 / £500-£1,800 guarantee vs split",mid
187,Rote Fabrik,Zurich,Switzerland,arts/music complex,Public buyer not found in quick pass,Use official booking/contact route on venue site,Venue link,Instagram search / Facebook search,"€500-€2,000 / £500-£1,800 guarantee vs split",mid
188,Bogen F,Zurich,Switzerland,Zurich small/mid venue,Public buyer not found in quick pass,Use official booking/contact route on venue site,Venue link,instagram.com,€150-€600 / £150-£500 guarantee or door split,small
189,Moods,Zurich,Switzerland,jazz/global/indie-quality room,Public buyer not found in quick pass,info@moods.ch,Venue link,facebook.com / facebook.com / instagram.com,"€500-€2,000 / £500-£1,800 guarantee vs split",mid
190,Dynamo,Zurich,Switzerland,youth/culture venue,Public buyer not found in quick pass,"room@dynamo.ch\, technik@dynamo.ch\, restaurant@dynamo.ch\",Venue link,instagram.com / instagram.com,€150-€600 / £150-£500 guarantee or door split,small
191,Kaserne Basel,Basel,Switzerland,arts-forward music/performance venue,Public buyer not found in quick pass,"buero@kaserne-basel.ch, buero@kaserne-basel.ch\",Venue link,facebook.com / instagram.com,"€500-€2,000 / £500-£1,800 guarantee vs split",mid
192,Le Romandie,Lausanne,Switzerland,independent Lausanne room,Public buyer not found in quick pass,info@leromandie.ch,Venue link,facebook.com / twitter.com / instagram.com,€150-€600 / £150-£500 guarantee or door split,small
193,Le Zoo,Geneva,Switzerland,alternative club/venue,Public buyer not found in quick pass,Use official booking/contact route on venue site,Venue link,Instagram search / Facebook search,€150-€600 / £150-£500 guarantee or door split,small
194,Bikini Test,La Chaux-de-Fonds,Switzerland,independent Swiss venue,Public buyer not found in quick pass,Use official booking/contact route on venue site,Venue link,facebook.com / instagram.com,€150-€600 / £150-£500 guarantee or door split,small
195,Privatclub,Berlin,Germany,compact indie/rock venue,Public buyer not found in quick pass,Use official booking/contact route on venue site,Venue link,facebook.com / twitter.com / instagram.com / instagram.com,€150-€700 guarantee or door split,small
196,Lido,Berlin,Germany,Kreuzberg indie institution,Public buyer not found in quick pass,"info@lido-berlin.de, INFO@LIDO-BERLIN.DE",Venue link,facebook.com / instagram.com / facebook.com / facebook.com,"€600-€2,500 guarantee vs split",mid
197,Schokoladen,Berlin,Germany,DIY/underground venue,Public buyer not found in quick pass,Use official booking/contact route on venue site,Venue link,facebook.com / instagram.com / instagram.com / instagram.com,€150-€700 guarantee or door split,small
198,Madame Claude,Berlin,Germany,eclectic small venue,Public buyer not found in quick pass,contact@madameclaude.de,Venue link,facebook.com / twitter.com / instagram.com,€150-€700 guarantee or door split,small
199,Gretchen,Berlin,Germany,broad genre club/live venue,Public buyer not found in quick pass,"gretchen@gretchen-club.de, news@gretchen-club.de",Venue link,facebook.com / instagram.com / facebook.com / facebook.com,"€600-€2,500 guarantee vs split",mid
200,Kantine am Berghain,Berlin,Germany,small live room connected to Berghain complex,Public buyer not found in quick pass,Use official booking/contact route on venue site,Venue link,Instagram search / Facebook search,€150-€700 guarantee or door split,small
201,Festsaal Kreuzberg,Berlin,Germany,alternative concert venue,Public buyer not found in quick pass,"events@festsaal-kreuzberg.de, lennard@funkhaus.io",Venue link,facebook.com / instagram.com,"€600-€2,500 guarantee vs split",mid
202,SO36,Berlin,Germany,legendary Kreuzberg venue,Public buyer not found in quick pass,hallo@tickettoaster.de,Venue link,facebook.com / instagram.com / twitter.com,"€600-€2,500 guarantee vs split",mid
203,Frannz Club,Berlin,Germany,Prenzlauer Berg venue,Public buyer not found in quick pass,reservierung@quiznightshow.de,Venue link,facebook.com,"€600-€2,500 guarantee vs split",mid
204,Kesselhaus,Berlin,Germany,larger Berlin concert room,Public buyer not found in quick pass,Use official booking/contact route on venue site,Venue link,Instagram search / Facebook search,"€2,000-€6,000+ if proven draw/support package",large
205,Columbia Theater,Berlin,Germany,Berlin touring venue,Public buyer not found in quick pass,Use official booking/contact route on venue site,Venue link,facebook.com / instagram.com,"€600-€2,500 guarantee vs split",mid
206,Astra Kulturhaus,Berlin,Germany,larger alternative venue,Public buyer not found in quick pass,info@astra-berlin.de,Venue link,facebook.com / facebook.com,"€2,000-€6,000+ if proven draw/support package",large
207,Uebel & Gefährlich,Hamburg,Germany,bunker venue with crossover bookings,Public buyer not found in quick pass,info@uebelundgefaehrlich.com,Venue link,instagram.com,"€600-€2,500 guarantee vs split",mid
208,Molotow,Hamburg,Germany,key Hamburg indie venue,Public buyer not found in quick pass,molotow@molotowclub.com,Venue link,facebook.com / instagram.com / facebook.com / facebook.com,€150-€700 guarantee or door split,small
209,Knust,Hamburg,Germany,Hamburg club venue,Public buyer not found in quick pass,Use official booking/contact route on venue site,Venue link,instagram.com / facebook.com,"€600-€2,500 guarantee vs split",mid
210,Nochtspeicher,Hamburg,Germany,intimate Hamburg room,Public buyer not found in quick pass,Use official booking/contact route on venue site,Venue link,facebook.com / instagram.com,€150-€700 guarantee or door split,small
211,Hafenklang,Hamburg,Germany,alternative/underground Hamburg venue,Public buyer not found in quick pass,Use official booking/contact route on venue site,Venue link,instagram.com,€150-€700 guarantee or door split,small
212,Gruenspan,Hamburg,Germany,classic Hamburg venue,Public buyer not found in quick pass,Use official booking/contact route on venue site,Venue link,Instagram search / Facebook search,"€600-€2,500 guarantee vs split",mid
213,Gebäude 9,Cologne,Germany,dependable independent Cologne venue,Public buyer not found in quick pass,Use official booking/contact route on venue site,Venue link,instagram.com / facebook.com,"€600-€2,500 guarantee vs split",mid
214,Luxor,Cologne,Germany,Cologne club venue,Public buyer not found in quick pass,Use official booking/contact route on venue site,Venue link,facebook.com / instagram.com,€150-€700 guarantee or door split,small
215,Blue Shell,Cologne,Germany,grassroots Cologne room,Public buyer not found in quick pass,Use official booking/contact route on venue site,Venue link,Instagram search / Facebook search,€150-€700 guarantee or door split,small
216,Gloria Theater,Cologne,Germany,Cologne live venue,Public buyer not found in quick pass,Use official booking/contact route on venue site,Venue link,facebook.com / instagram.com / instagram.com / instagram.com,"€600-€2,500 guarantee vs split",mid
217,Bumann & Sohn,Cologne,Germany,indie bar/venue,Public buyer not found in quick pass,"event@bumannundsohn.de, lost@bumannundsohn.de, job@bumannundsohn.de",Venue link,facebook.com / instagram.com / facebook.com / facebook.com,€150-€700 guarantee or door split,small
218,FZW,Dortmund,Germany,Liveurope Dortmund venue,Public buyer not found in quick pass,Use official booking/contact route on venue site,Venue link,Instagram search / Facebook search,"€2,000-€6,000+ if proven draw/support package",large
219,Zeche Carl,Essen,Germany,Ruhr-area culture venue,Public buyer not found in quick pass,benutzer@domain.com,Venue link,facebook.com / facebook.com / instagram.com,"€600-€2,500 guarantee vs split",mid
220,Zakk,Dusseldorf,Germany,arts/music venue,Public buyer not found in quick pass,info@zakk.de,Venue link,instagram.com,"€600-€2,500 guarantee vs split",mid
221,Pitcher,Dusseldorf,Germany,rock club,Public buyer not found in quick pass,Use official booking/contact route on venue site,Venue link,facebook.com / instagram.com,€150-€700 guarantee or door split,small
222,Backstage,Munich,Germany,multi-room Munich venue,Public buyer not found in quick pass,"kontakt@backstage.eu\\\, kontakt@backstage.eu\, e@mail.de",Venue link,Instagram search / Facebook search,"€2,000-€6,000+ if proven draw/support package",large
223,Ampere,Munich,Germany,Muffatwerk small room,Public buyer not found in quick pass,noreply@muffatwerk.de,Venue link,facebook.com / instagram.com,€150-€700 guarantee or door split,small
224,Muffatwerk,Munich,Germany,arts-forward Munich venue,Public buyer not found in quick pass,noreply@muffatwerk.de,Venue link,facebook.com / instagram.com,"€600-€2,500 guarantee vs split",mid
225,Feierwerk,Munich,Germany,community/culture venue,Public buyer not found in quick pass,radio@feierwerk.de,Venue link,Instagram search / Facebook search,€150-€700 guarantee or door split,small
226,Kranhalle,Munich,Germany,Feierwerk live room,Public buyer not found in quick pass,Use official booking/contact route on venue site,Venue link,Instagram search / Facebook search,€150-€700 guarantee or door split,small
227,Beatpol,Dresden,Germany,Dresden touring venue,Public buyer not found in quick pass,Use official booking/contact route on venue site,Venue link,facebook.com / twitter.com / instagram.com,"€600-€2,500 guarantee vs split",mid
228,Scheune,Dresden,Germany,independent Dresden venue,Public buyer not found in quick pass,Use official booking/contact route on venue site,Venue link,facebook.com / facebook.com / instagram.com,€150-€700 guarantee or door split,small
229,Conne Island,Leipzig,Germany,DIY/alternative institution,Public buyer not found in quick pass,info@conne-island.de,Venue link,facebook.com,"€600-€2,500 guarantee vs split",mid
230,UT Connewitz,Leipzig,Germany,historic alternative venue,Public buyer not found in quick pass,info@tablaoflamenco.de,Venue link,facebook.com / instagram.com / instagram.com / instagram.com,"€600-€2,500 guarantee vs split",mid
231,Naumanns,Leipzig,Germany,small Leipzig room,Public buyer not found in quick pass,Use official booking/contact route on venue site,Venue link,Instagram search / Facebook search,€150-€700 guarantee or door split,small
232,Kulturzentrum Schlachthof,Wiesbaden,Germany,major alternative venue,Public buyer not found in quick pass,Use official booking/contact route on venue site,Venue link,facebook.com / instagram.com,"€2,000-€6,000+ if proven draw/support package",large
233,Karlstorbahnhof,Heidelberg,Germany,arts/music venue,Public buyer not found in quick pass,info@theater-hauke.de,Venue link,Instagram search / Facebook search,"€600-€2,500 guarantee vs split",mid
234,Manufaktur,Schorndorf,Germany,independent venue,Public buyer not found in quick pass,kneipe@club-manufaktur.de,Venue link,facebook.com / twitter.com / instagram.com / facebook.com,€150-€700 guarantee or door split,small
235,Kulturzentrum Merlin,Stuttgart,Germany,arts-forward Stuttgart room,Public buyer not found in quick pass,info@merlinstuttgart.de,Venue link,x.com / instagram.com / facebook.com,€150-€700 guarantee or door split,small
236,Im Wizemann,Stuttgart,Germany,multi-room Stuttgart venue,Public buyer not found in quick pass,info@imwizemann.de,Venue link,facebook.com / instagram.com / facebook.com / twitter.com,"€2,000-€6,000+ if proven draw/support package",large
237,Kulturzentrum E-Werk,Erlangen,Germany,regional culture venue,Public buyer not found in quick pass,"Infothek@e-werk.de, info@e-werk.de",Venue link,facebook.com / instagram.com,"€600-€2,500 guarantee vs split",mid
238,Kulturzentrum Schlachthof,Bremen,Germany,Bremen live venue,Public buyer not found in quick pass,Use official booking/contact route on venue site,Venue link,facebook.com / instagram.com,"€600-€2,500 guarantee vs split",mid
239,Musikzentrum Hannover,Hannover,Germany,Hannover music center,Public buyer not found in quick pass,info@musikzentrum-hannover.de,Venue link,instagram.com / instagram.com / facebook.com,"€600-€2,500 guarantee vs split",mid
240,Vera,Groningen,Netherlands,legendary DIY grassroots venue,Public buyer not found in quick pass,Use official booking/contact route on venue site,Venue link,Instagram search / Facebook search,€150-€700 guarantee or door split,small
241,De Nieuwe Anita,Amsterdam,Netherlands,welcoming small Amsterdam venue,Public buyer not found in quick pass,Use official booking/contact route on venue site,Venue link,facebook.com / instagram.com,€150-€700 guarantee or door split,small
242,Garage Noord,Amsterdam,Netherlands,experimental Amsterdam venue,Public buyer not found in quick pass,Use official booking/contact route on venue site,Venue link,Instagram search / Facebook search,€150-€700 guarantee or door split,small
243,Paradiso,Amsterdam,Netherlands,Liveurope iconic venue,Public buyer not found in quick pass,Use official booking/contact route on venue site,Venue link,instagram.com,"€2,000-€6,000+ if proven draw/support package",large
244,Melkweg,Amsterdam,Netherlands,major multi-room venue,Public buyer not found in quick pass,Use official booking/contact route on venue site,Venue link,Instagram search / Facebook search,"€2,000-€6,000+ if proven draw/support package",large
245,Bitterzoet,Amsterdam,Netherlands,small Amsterdam room,Public buyer not found in quick pass,Use official booking/contact route on venue site,Venue link,facebook.com / twitter.com / instagram.com,€150-€700 guarantee or door split,small
246,Tolhuistuin,Amsterdam,Netherlands,arts/music venue,Public buyer not found in quick pass,Use official booking/contact route on venue site,Venue link,facebook.com / facebook.com / instagram.com,"€600-€2,500 guarantee vs split",mid
247,Cinetol,Amsterdam,Netherlands,small indie room,Public buyer not found in quick pass,info@cinetol.nl,Venue link,instagram.com / facebook.com,€150-€700 guarantee or door split,small
248,EKKO,Utrecht,Netherlands,forward-thinking indie venue,Public buyer not found in quick pass,info@ekko.nl,Venue link,facebook.com / facebook.com / instagram.com / instagram.com,€150-€700 guarantee or door split,small
249,TivoliVredenburg,Utrecht,Netherlands,multi-room Dutch concert complex,Public buyer not found in quick pass,Use official booking/contact route on venue site,Venue link,Instagram search / Facebook search,"€2,000-€6,000+ if proven draw/support package",large
250,Roodkapje,Rotterdam,Netherlands,art/music/DIY venue,Public buyer not found in quick pass,"love@roodkapje.org, burgertrut@roodkapje.org",Venue link,instagram.com / facebook.com,€150-€700 guarantee or door split,small
251,Circolo Magnolia,Milan,Italy,established Milan indie/alternative campus with international touring history,Public buyer not found in quick pass,Use official booking/contact route on venue site,Venue link,instagram.com / facebook.com,"€600-€2,500 guarantee vs split",mid
252,Santeria Toscana 31,Milan,Italy,"arts-forward Milan concert room for indie, songwriter, and crossover acts",Public buyer not found in quick pass,Use official booking/contact route on venue site,Venue link,instagram.com / facebook.com,"€600-€2,500 guarantee vs split",mid
253,ARCI Bellezza,Milan,Italy,historic cultural club with intimate indie and songwriter programming,Public buyer not found in quick pass,Use official booking/contact route on venue site,Venue link,instagram.com / facebook.com,€150-€700 guarantee or door split,small
254,Magazzini Generali,Milan,Italy,larger Milan club venue for developed indie and alternative packages,Public buyer not found in quick pass,Use official booking/contact route on venue site,Venue link,instagram.com / facebook.com,"€2,000-€6,000+ if proven draw/support package",large
255,MONK Roma,Rome,Italy,"creative Rome live venue with indie, alternative, and arts-community audience",Public buyer not found in quick pass,Use official booking/contact route on venue site,Venue link,instagram.com / facebook.com,"€600-€2,500 guarantee vs split",mid
256,Largo Venue,Rome,Italy,Rome club/cultural venue suited to indie and alternative touring nights,Public buyer not found in quick pass,Use official booking/contact route on venue site,Venue link,instagram.com / facebook.com,"€600-€2,500 guarantee vs split",mid
257,Alcazar Live,Rome,Italy,theater-style live room for polished songwriter and art-pop presentations,Public buyer not found in quick pass,Use official booking/contact route on venue site,Venue link,instagram.com / facebook.com,"€600-€2,500 guarantee vs split",mid
258,Locomotiv Club,Bologna,Italy,respected Bologna indie/alternative room on a practical north-Italy route,Public buyer not found in quick pass,Use official booking/contact route on venue site,Venue link,instagram.com / facebook.com,"€600-€2,500 guarantee vs split",mid
259,Covo Club,Bologna,Italy,long-running indie club for smaller international touring acts,Public buyer not found in quick pass,Use official booking/contact route on venue site,Venue link,instagram.com / facebook.com,€150-€700 guarantee or door split,small
260,Estragon Club,Bologna,Italy,larger Bologna alternative venue for support slots or stronger-market plays,Public buyer not found in quick pass,Use official booking/contact route on venue site,Venue link,instagram.com / facebook.com,"€2,000-€6,000+ if proven draw/support package",large
261,Hiroshima Mon Amour,Turin,Italy,established Turin live club with broad rock/indie and cultural programming,Public buyer not found in quick pass,Use official booking/contact route on venue site,Venue link,instagram.com / facebook.com,"€600-€2,500 guarantee vs split",mid
262,Spazio211,Turin,Italy,grassroots Turin indie/alternative venue with discovery-room fit,Public buyer not found in quick pass,Use official booking/contact route on venue site,Venue link,instagram.com / facebook.com,€150-€700 guarantee or door split,small
263,Bronson,Ravenna,Italy,credible Adriatic-route indie and alternative club,Public buyer not found in quick pass,Use official booking/contact route on venue site,Venue link,instagram.com / facebook.com,€150-€700 guarantee or door split,small
264,Viper Theatre,Florence,Italy,Florence touring club for alternative and rock-leaning packages,Public buyer not found in quick pass,Use official booking/contact route on venue site,Venue link,instagram.com / facebook.com,"€600-€2,500 guarantee vs split",mid
265,New Age Club,Roncade,Italy,northeast Italy club option near Treviso/Venice touring corridor,Public buyer not found in quick pass,Use official booking/contact route on venue site,Venue link,instagram.com / facebook.com,"€600-€2,500 guarantee vs split",mid
